/archives/airbag/1_inifinity.php /1-inifinity
/archives/airbag/1099_hours.php /1099-hours
/archives/airbag/1600_cherrywood.php /1600-cherrywood-ln
/archives/airbag/2x4.php /2x4
/archives/airbag/42nd.php /42nd
/archives/airbag/5c.php /5c
/archives/airbag/97_bottles.php /97-bottles
/archives/airbag/9what.php /9what
/archives/airbag/a_better_tighty.php /a-better-tighty-whitey
/archives/airbag/a_moment_for_us.php /a-moment-for-us-all-to-rally-and-answer-the-call-to-help-someone-who-has-helped-us-all
/archives/airbag/a_peak_behind_t.php /a-peak-behind-the-gigantic-enterprise-design-kimono
/archives/airbag/aaron.php /aaron
/archives/airbag/academics_of_wo.php /academics-of-worn
/archives/airbag/actually.php /actually
/archives/airbag/aim_high.php /aim-high
/archives/airbag/airbag_american.php /airbag-american
/archives/airbag/airbag_industri.php /airbag-industries
/archives/airbag/alda.php /alda
/archives/airbag/allayed.php /allayed
/archives/airbag/alternates.php /alternates
/archives/airbag/alyeska.php /alyeska
/archives/airbag/am.php /am
/archives/airbag/amazed.php /amazed
/archives/airbag/amazon.php /amazon
/archives/airbag/ambrose.php /ambrose
/archives/airbag/amigos.php /amigos
/archives/airbag/an_unexpected_w.php /an-unexpected-worldwide-turn
/archives/airbag/and_we_liked_it.php /and-we-liked-it
/archives/airbag/ankles.php /ankles
/archives/airbag/anniversary.php /anniversary
/archives/airbag/another_brief.php /another-brief
/archives/airbag/antarctica.php /antarctica
/archives/airbag/aoople.php /aoople
/archives/airbag/applesauce.php /applesauce
/archives/airbag/appreciate.php /appreciate
/archives/airbag/approach_2.php /approach-2
/archives/airbag/approach.php /approach
/archives/airbag/aprils_fool.php /aprils-fool
/archives/airbag/arcade.php /arcade
/archives/airbag/armageddon.php /armageddon
/archives/airbag/arrr.php /arrr
/archives/airbag/ash.php /ash
/archives/airbag/at_high_noon.php /at-high-noon
/archives/airbag/atdt.php /atdt
/archives/airbag/attack_pattern.php /attack-pattern-delta
/archives/airbag/audi.php /audi
/archives/airbag/austin.php /austin
/archives/airbag/aware.php /aware
/archives/airbag/away_game.php /away-game
/archives/airbag/b_l_t.php /b-l-t
/archives/airbag/babylon.php /babylon
/archives/airbag/bad_host_good_p.php /bad-host-good-pizza
/archives/airbag/bah.php /bah
/archives/airbag/bananas.php /bananas
/archives/airbag/banks.php /banks
/archives/airbag/barney.php /barney
/archives/airbag/bart.php /bart
/archives/airbag/be_switched.php /be-switched
/archives/airbag/beautiful_day.php /beautiful-day
/archives/airbag/begin.php /begin
/archives/airbag/being_carl_spac.php /being-carl-spackler
/archives/airbag/bells.php /bells
/archives/airbag/betamax.php /betamax
/archives/airbag/better_america.php /better-america
/archives/airbag/bipolar.php /bipolar
/archives/airbag/birthday.php /birthday
/archives/airbag/birthdays.php /birthdays
/archives/airbag/bits.php /bits
/archives/airbag/bitter.php /bitter
/archives/airbag/black_kettle.php /black-kettle
/archives/airbag/blazing.php /blazing
/archives/airbag/blinker.php /blinker
/archives/airbag/blue_thunder.php /blue-thunder
/archives/airbag/blue.php /blue
/archives/airbag/bobble.php /bobble
/archives/airbag/bones.php /bones
/archives/airbag/bonk_head_on_ha.php /bonk-head-on-hard-surface
/archives/airbag/boobs.php /boobs
/archives/airbag/boulderfist.php /boulderfist
/archives/airbag/boxes.php /boxes
/archives/airbag/breathe.php /breathe
/archives/airbag/briefly.php /briefly
/archives/airbag/brilliantly_cra.php /brilliantly-cranky
/archives/airbag/broken_l.php /broken-l
/archives/airbag/bronze.php /bronze
/archives/airbag/bruce.php /bruce
/archives/airbag/buffy_fans.php /buffy-fans
/archives/airbag/build.php /build
/archives/airbag/bunny.php /bunny
/archives/airbag/by_macys.php /by-macys
/archives/airbag/cake.php /cake
/archives/airbag/cam.php /cam
/archives/airbag/candy.php /candy
/archives/airbag/cantankerous.php /cantankerous
/archives/airbag/cat.php /cat
/archives/airbag/caucus.php /caucus
/archives/airbag/caviar.php /caviar
/archives/airbag/caw.php /caw
/archives/airbag/caylee.php /caylee
/archives/airbag/cb.php /cb
/archives/airbag/cest_la_vie_aus.php /cest-la-vie-aus
/archives/airbag/chalk.php /chalk
/archives/airbag/change.php /change
/archives/airbag/cheap.php /cheap
/archives/airbag/check.php /check
/archives/airbag/checkered.php /checkered
/archives/airbag/checking_out.php /checking-out
/archives/airbag/cheech_plus_cho.php /cheech-plus-chong
/archives/airbag/chestnuts.php /chestnuts
/archives/airbag/chevak.php /chevak
/archives/airbag/chewing.php /chewing
/archives/airbag/chiba.php /chiba
/archives/airbag/chillax.php /chillax
/archives/airbag/choke.php /choke
/archives/airbag/cholesterol.php /cholesterol
/archives/airbag/clash.php /clash
/archives/airbag/classic.php /classic
/archives/airbag/click_click.php /click-click
/archives/airbag/click.php /click
/archives/airbag/clicking_heals.php /clicking-heals
/archives/airbag/clobberin.php /clobberin
/archives/airbag/clueless.php /clueless
/archives/airbag/coca_cola.php /coca-cola
/archives/airbag/cocoon.php /cocoon
/archives/airbag/cold_wanted.php /cold-wanted
/archives/airbag/coltrane.php /coltrane
/archives/airbag/committee.php /committee
/archives/airbag/complaint_depar.php /complaint-department
/archives/airbag/completed.php /completed
/archives/airbag/con.php /con
/archives/airbag/craftsman.php /craftsman
/archives/airbag/criminal.php /criminal
/archives/airbag/crisp.php /crisp
/archives/airbag/croft.php /croft
/archives/airbag/croisandwhich.php /croisandwhich
/archives/airbag/cross.php /cross
/archives/airbag/crossroads.php /crossroads
/archives/airbag/crowning_heros.php /crowning-heros
/archives/airbag/crumbling.php /crumbling
/archives/airbag/cuffs.php /cuffs
/archives/airbag/cultural.php /cultural
/archives/airbag/cupcake.php /cupcake
/archives/airbag/d_pad.php /d-pad
/archives/airbag/dalmatian.php /dalmatian
/archives/airbag/dan.php /dan
/archives/airbag/danville.php /danville
/archives/airbag/darth_vader.php /darth-vader
/archives/airbag/darthbook.php /darthbook
/archives/airbag/dean.php /dean
/archives/airbag/dear_miss_daisy.php /dear-miss-daisy
/archives/airbag/departing.php /departing
/archives/airbag/designpedia.php /designpedia
/archives/airbag/desktop.php /desktop
/archives/airbag/developr.php /developr
/archives/airbag/dime_bag.php /dime-bag
/archives/airbag/dinkenflicka.php /dinkenflicka
/archives/airbag/diy.php /diy
/archives/airbag/doppleganger.php /doppleganger
/archives/airbag/dorthy.php /dorthy
/archives/airbag/download.php /download
/archives/airbag/drama_saw_decay.php /drama-saw-decay
/archives/airbag/drilling.php /drilling
/archives/airbag/drink.php /drink
/archives/airbag/drip.php /drip
/archives/airbag/drive_through.php /drive-through
/archives/airbag/drool.php /drool
/archives/airbag/drucker.php /drucker
/archives/airbag/duct_tape.php /duct-tape
/archives/airbag/dust.php /dust
/archives/airbag/eek_eek.php /eek-eek
/archives/airbag/eight_track.php /eight-track
/archives/airbag/el_bush.php /el-bush
/archives/airbag/electric_lime.php /electric-lime
/archives/airbag/eleventh.php /eleventh
/archives/airbag/extraordinarily.php /extraordinarily
/archives/airbag/fail.php /fail
/archives/airbag/fake.php /fake
/archives/airbag/fandom.php /fandom
/archives/airbag/farnsworth.php /farnsworth
/archives/airbag/fica.php /fica
/archives/airbag/fifty_cents.php /fifty-cents
/archives/airbag/figures.php /figures
/archives/airbag/fin.php /fin
/archives/airbag/finally.php /finally
/archives/airbag/find.php /find
/archives/airbag/fire.php /fire
/archives/airbag/first.php /first
/archives/airbag/fish.php /fish
/archives/airbag/fisher_price.php /fisher-price
/archives/airbag/fix.sh.php /fix.sh
/archives/airbag/fl_ower.php /fl-ower
/archives/airbag/flags.php /flags
/archives/airbag/flat.php /flat
/archives/airbag/flaunt.php /flaunt
/archives/airbag/flight_cancelle.php /flight-cancelled
/archives/airbag/for_josh.php /for-josh
/archives/airbag/fore.php /fore
/archives/airbag/forty.php /forty
/archives/airbag/fossil.php /fossil
/archives/airbag/found.php /found
/archives/airbag/four_fifty_one.php /four-fifty-one
/archives/airbag/four.php /four
/archives/airbag/foxhat.php /foxhat
/archives/airbag/foxworthy.php /foxworthy
/archives/airbag/fracture.php /fracture
/archives/airbag/freed.php /freed
/archives/airbag/fritters.php /fritters
/archives/airbag/frogger.php /frogger
/archives/airbag/from_heaven.php /from-heaven
/archives/airbag/frontpage.php /frontpage
/archives/airbag/frown.php /frown
/archives/airbag/fud.php /fud
/archives/airbag/full_house.php /full-house
/archives/airbag/full_metal_nipp.php /full-metal-nipple
/archives/airbag/furry.php /furry
/archives/airbag/further.php /further
/archives/airbag/gaia.php /gaia
/archives/airbag/gary_taxali_and.php /gary-taxali-andrei-of-design
/archives/airbag/gate.php /gate
/archives/airbag/geek_rsume_redu.php /geek-rsume-redux
/archives/airbag/geek_rsume.php /geek-rsume
/archives/airbag/generally.php /generally
/archives/airbag/global.php /global
/archives/airbag/gloucester.php /gloucester
/archives/airbag/go_anteaters.php /go-anteaters
/archives/airbag/go_away.php /go-away
/archives/airbag/goats.php /goats
/archives/airbag/golden.php /golden
/archives/airbag/goldfinger.php /goldfinger
/archives/airbag/goldfish.php /goldfish
/archives/airbag/gone.php /gone
/archives/airbag/goooaaalll.php /goooaaalll
/archives/airbag/got_bela.php /got-bela
/archives/airbag/grandslam.php /grandslam
/archives/airbag/green_for_go.php /green-for-go
/archives/airbag/green.php /green
/archives/airbag/grind.php /grind
/archives/airbag/grrrr.php /grrrr
/archives/airbag/grumpy.php /grumpy
/archives/airbag/guernica.php /guernica
/archives/airbag/guitar.php /guitar
/archives/airbag/halloween.php /halloween
/archives/airbag/hampton.php /hampton
/archives/airbag/handicapped.php /handicapped
/archives/airbag/handkerchief.php /handkerchief
/archives/airbag/handshake.php /handshake
/archives/airbag/hare_vs_tortois.php /hare-vs-tortoise
/archives/airbag/hee_haw.php /hee-haw
/archives/airbag/hello_moto.php /hello-moto
/archives/airbag/help.php /help
/archives/airbag/helping_america.php /helping-america-jr
/archives/airbag/here.php /here
/archives/airbag/hex.php /hex
/archives/airbag/hexagon.php /hexagon
/archives/airbag/hi_ho.php /hi-ho
/archives/airbag/hi.php /hi
/archives/airbag/hike.php /hike
/archives/airbag/hire.php /hire
/archives/airbag/hired.php /hired
/archives/airbag/holiday_office.php /holiday-office-hours-the-airbag-way
/archives/airbag/holywar.php /holywar
/archives/airbag/home_again.php /home-again
/archives/airbag/hoot.php /hoot
/archives/airbag/horseshoe.php /horseshoe
/archives/airbag/hot.php /hot
/archives/airbag/houdini.php /houdini
/archives/airbag/hp_honesty.php /hp-honesty
/archives/airbag/html5.php /html5
/archives/airbag/huh.php /huh
/archives/airbag/hyacinth.php /hyacinth
/archives/airbag/i_rove_rou.php /i-rove-rou
/archives/airbag/iacocca.php /iacocca
/archives/airbag/iborg.php /iborg
/archives/airbag/icon.php /icon
/archives/airbag/ididabaud.php /ididabaud
/archives/airbag/ignite.php /ignite
/archives/airbag/illustrator.php /illustrator
/archives/airbag/in_target.php /in-target
/archives/airbag/in_truth.php /in-truth
/archives/airbag/incoming.php /incoming
/archives/airbag/independents.php /independents
/archives/airbag/indoctrinated.php /indoctrinated
/archives/airbag/infinite.php /infinite
/archives/airbag/informed.php /informed
/archives/airbag/inky.php /inky
/archives/airbag/inner_city.php /inner-city
/archives/airbag/intervention.php /intervention
/archives/airbag/introductions.php /introductions
/archives/airbag/invisible.php /invisible
/archives/airbag/ishtar.php /ishtar
/archives/airbag/israel.php /israel
/archives/airbag/jared.php /jared
/archives/airbag/jefferson.php /jefferson
/archives/airbag/jeffersons_day.php /jeffersons-day
/archives/airbag/jeffersons.php /jeffersons
/archives/airbag/jeffrey_zeldman.php /jeffrey-zeldman-announces-a-new-startup-1999-2-0
/archives/airbag/jelly_beans.php /jelly-beans
/archives/airbag/jewel.php /jewel
/archives/airbag/john.php /john
/archives/airbag/jr.php /jr
/archives/airbag/julie.php /julie
/archives/airbag/k2.php /k2
/archives/airbag/keep_going.php /keep-going
/archives/airbag/ken.php /ken
/archives/airbag/ketchup.php /ketchup
/archives/airbag/kgb.php /kgb
/archives/airbag/kim.php /kim
/archives/airbag/kip.php /kip
/archives/airbag/kirken.php /kirken
/archives/airbag/knighted.php /knighted
/archives/airbag/knowledge.php /knowledge
/archives/airbag/kryptonite_wedn.php /kryptonite-wednesday
/archives/airbag/kumbaya.php /kumbaya
/archives/airbag/kutaragi.php /kutaragi
/archives/airbag/lairbag.php /lairbag
/archives/airbag/lamonts.php /lamonts
/archives/airbag/landslide.php /landslide
/archives/airbag/lasky.php /lasky
/archives/airbag/latte_induced_t.php /latte-induced-thinking
/archives/airbag/launch.php /launch
/archives/airbag/lava.php /lava
/archives/airbag/law.php /law
/archives/airbag/letterman.php /letterman
/archives/airbag/levy.php /levy
/archives/airbag/liberal_media.php /liberal-media
/archives/airbag/lift.php /lift
/archives/airbag/liftoff.php /liftoff
/archives/airbag/limeade.php /limeade
/archives/airbag/limonade.php /limonade
/archives/airbag/llc.php /llc
/archives/airbag/macworld.php /macworld
/archives/airbag/madison.php /madison
/archives/airbag/maersk.php /maersk
/archives/airbag/magnitude.php /magnitude
/archives/airbag/make_it_so.php /make-it-so
/archives/airbag/making_sense_of.php /making-sense-of-all-the-jibba-jabba-during-user-research
/archives/airbag/manayunk.php /manayunk
/archives/airbag/manufacture.php /manufacture
/archives/airbag/maple_bar.php /maple-bar
/archives/airbag/march.php /march
/archives/airbag/marcotte.php /marcotte
/archives/airbag/martha_stewart.php /martha-stewart
/archives/airbag/martha.php /martha
/archives/airbag/mascara.php /mascara
/archives/airbag/master_chief.php /master-chief
/archives/airbag/matt.php /matt
/archives/airbag/maybe.php /maybe
/archives/airbag/mayday.php /mayday
/archives/airbag/mcneal.php /mcneal
/archives/airbag/mediate.php /mediate
/archives/airbag/meh.php /meh
/archives/airbag/meltdown.php /meltdown
/archives/airbag/melvin.php /melvin
/archives/airbag/memento.php /memento
/archives/airbag/mendoza.php /mendoza
/archives/airbag/mental.php /mental
/archives/airbag/mermaid.php /mermaid
/archives/airbag/mike.php /mike
/archives/airbag/mo_balance.php /mo-balance
/archives/airbag/modern_problems.php /modern-problems
/archives/airbag/money_2.php /money-2
/archives/airbag/money.php /money
/archives/airbag/monkey_kong.php /monkey-kong
/archives/airbag/months_ago_zeld.php /months-ago-zeldman-suggested-that-i-forgo-single-word-titles-and-practice-better-seo-hes-right-at-first-the-one-word-titles-thing-was-fun-but-over-tim
/archives/airbag/moo_moo_buckaro.php /moo-moo-buckaroo
/archives/airbag/moo_moo.php /moo-moo
/archives/airbag/moonshot.php /moonshot
/archives/airbag/moonwalk.php /moonwalk
/archives/airbag/more_from_lake.php /more-from-lake-laurelwood
/archives/airbag/muggy.php /muggy
/archives/airbag/munich.php /munich
/archives/airbag/murcell.php /murcell
/archives/airbag/murphys_law.php /murphys-law
/archives/airbag/muskee.php /muskee
/archives/airbag/mustard.php /mustard
/archives/airbag/mybad.php /mybad
/archives/airbag/mykel.php /mykel
/archives/airbag/nagano.php /nagano
/archives/airbag/ned.php /ned
/archives/airbag/need_boba.php /need-boba
/archives/airbag/neobama.php /neobama
/archives/airbag/new_used.php /new-used
/archives/airbag/nickelodeon.php /nickelodeon
/archives/airbag/nine_bells.php /nine-bells
/archives/airbag/nine.php /nine
/archives/airbag/ninth.php /ninth
/archives/airbag/nope.php /nope
/archives/airbag/not_cool.php /not-cool
/archives/airbag/now_boarding.php /now-boarding
/archives/airbag/now_serving.php /now-serving
/archives/airbag/nuculer.php /nuculer
/archives/airbag/occ.php /occ
/archives/airbag/of_course.php /of-course
/archives/airbag/office.php /office
/archives/airbag/ohd.php /ohd
/archives/airbag/ole.php /ole
/archives/airbag/olympiques.php /olympiques
/archives/airbag/omkara.php /omkara
/archives/airbag/on_writing.php /on-writing
/archives/airbag/otay.php /otay
/archives/airbag/page_23.php /page-23
/archives/airbag/pale_observance.php /pale-observance
/archives/airbag/palmer_moose.php /palmer-moose
/archives/airbag/panther.php /panther
/archives/airbag/panthre_rose.php /panthre-rose
/archives/airbag/paperboy.php /paperboy
/archives/airbag/patrick_henry.php /patrick-henry
/archives/airbag/pause.php /pause
/archives/airbag/peanuts.php /peanuts
/archives/airbag/penguin_love.php /penguin-love
/archives/airbag/pentium_vs_ppc.php /pentium-vs-ppc
/archives/airbag/perplexed.php /perplexed
/archives/airbag/pets.php /pets
/archives/airbag/phat.php /phat
/archives/airbag/phileas.php /phileas
/archives/airbag/piledriver.php /piledriver
/archives/airbag/pill.php /pill
/archives/airbag/ping.php /ping
/archives/airbag/pink_panther.php /pink-panther
/archives/airbag/pink.php /pink
/archives/airbag/pinocchio.php /pinocchio
/archives/airbag/pistol.php /pistol
/archives/airbag/pitch.php /pitch
/archives/airbag/plan_b.php /plan-b
/archives/airbag/play.php /play
/archives/airbag/plog.php /plog
/archives/airbag/point_2.php /point-2
/archives/airbag/point.php /point
/archives/airbag/points.php /points
/archives/airbag/politburo.php /politburo
/archives/airbag/polychrome.php /polychrome
/archives/airbag/pom.php /pom
/archives/airbag/pondering.php /pondering
/archives/airbag/popcorn.php /popcorn
/archives/airbag/popemx.php /popemx
/archives/airbag/pork.php /pork
/archives/airbag/powder_puff.php /powder-puff
/archives/airbag/pox.php /pox
/archives/airbag/predator.php /predator
/archives/airbag/procrastinating.php /procrastinating
/archives/airbag/progressing_nic.php /progressing-nicely
/archives/airbag/prolonged.php /prolonged
/archives/airbag/pt.php /pt
/archives/airbag/pulp.php /pulp
/archives/airbag/punchlist.php /punchlist
/archives/airbag/punt.php /punt
/archives/airbag/q2_y2.php /q2-y2
/archives/airbag/qatar.php /qatar
/archives/airbag/quad_shot_port.php /quad-shot-port-bow
/archives/airbag/queen.php /queen
/archives/airbag/quick_brown_fox.php /quick-brown-fox
/archives/airbag/r_i_f.php /r-i-f
/archives/airbag/rambo.php /rambo
/archives/airbag/ramman.php /ramman
/archives/airbag/rather.php /rather
/archives/airbag/rats.php /rats
/archives/airbag/ready_ok.php /ready-ok
/archives/airbag/ready_to_serve.php /ready-to-serve
/archives/airbag/reboot.php /reboot
/archives/airbag/red_october.php /red-october
/archives/airbag/red.php /red
/archives/airbag/reds.php /reds
/archives/airbag/remarkable.php /remarkable
/archives/airbag/remote.php /remote
/archives/airbag/repair.php /repair
/archives/airbag/results.php /results
/archives/airbag/return.php /return
/archives/airbag/returned.php /returned
/archives/airbag/rewr.php /rewr
/archives/airbag/rheinbung.php /rheinbung
/archives/airbag/rides.php /rides
/archives/airbag/riggs.php /riggs
/archives/airbag/right_click.php /right-click
/archives/airbag/rin_tin_tin.php /rin-tin-tin
/archives/airbag/ring_ring.php /ring-ring
/archives/airbag/ringing.php /ringing
/archives/airbag/riot.php /riot
/archives/airbag/rockefeller.php /rockefeller
/archives/airbag/rodney.php /rodney
/archives/airbag/rolled.php /rolled
/archives/airbag/rotten_duex.php /rotten-duex
/archives/airbag/rotten.php /rotten
/archives/airbag/round_trip.php /round-trip
/archives/airbag/rsum.php /rsum
/archives/airbag/rubick.php /rubick
/archives/airbag/ruler.php /ruler
/archives/airbag/rumsfeld.php /rumsfeld
/archives/airbag/runway.php /runway
/archives/airbag/rusty.php /rusty
/archives/airbag/ruxpin.php /ruxpin
/archives/airbag/s_m_l_xl_xxl.php /s-m-l-xl-xxl
/archives/airbag/s_mart.php /s-mart
/archives/airbag/salami.php /salami
/archives/airbag/salon.php /salon
/archives/airbag/salt.php /salt
/archives/airbag/sam.php /sam
/archives/airbag/sample.php /sample
/archives/airbag/sanford_not_son.php /sanford-not-son
/archives/airbag/savant.php /savant
/archives/airbag/save_ferris.php /save-ferris
/archives/airbag/scab.php /scab
/archives/airbag/scattered.php /scattered
/archives/airbag/scheisse.php /scheisse
/archives/airbag/schiavo.php /schiavo
/archives/airbag/schwing.php /schwing
/archives/airbag/scope.php /scope
/archives/airbag/see.php /see
/archives/airbag/sense.php /sense
/archives/airbag/sesame_street.php /sesame-street
/archives/airbag/seven_fold.php /seven-fold
/archives/airbag/shadow.php /shadow
/archives/airbag/shakos.php /shakos
/archives/airbag/shark.php /shark
/archives/airbag/shelbyville.php /shelbyville
/archives/airbag/shelved.php /shelved
/archives/airbag/shemeckis.php /shemeckis
/archives/airbag/shock_no_awe.php /shock-no-awe
/archives/airbag/shop.php /shop
/archives/airbag/shortbus.php /shortbus
/archives/airbag/shrimps.php /shrimps
/archives/airbag/shutterthumb.php /shutterthumb
/archives/airbag/simba.php /simba
/archives/airbag/sing.php /sing
/archives/airbag/six_pack.php /six-pack
/archives/airbag/slapshot.php /slapshot
/archives/airbag/slime.php /slime
/archives/airbag/slipper.php /slipper
/archives/airbag/smash.php /smash
/archives/airbag/smiling_condime.php /smiling-condiment
/archives/airbag/snap.php /snap
/archives/airbag/so_close_and_ye.php /so-close-and-yet-so-far
/archives/airbag/soap_to_nuts.php /soap-to-nuts
/archives/airbag/solomon.php /solomon
/archives/airbag/sour_gyros.php /sour-gyros
/archives/airbag/spacely.php /spacely
/archives/airbag/spaceman.php /spaceman
/archives/airbag/spade.php /spade
/archives/airbag/speed.php /speed
/archives/airbag/spicoli.php /spicoli
/archives/airbag/spies.php /spies
/archives/airbag/spin.php /spin
/archives/airbag/spoiler.php /spoiler
/archives/airbag/sprite.php /sprite
/archives/airbag/stage.php /stage
/archives/airbag/stamped.php /stamped
/archives/airbag/standard_angst.php /standard-angst
/archives/airbag/stars.php /stars
/archives/airbag/state_of_wmd.php /state-of-wmd
/archives/airbag/striker.php /striker
/archives/airbag/striped_hat.php /striped-hat
/archives/airbag/stroker_ace.php /stroker-ace
/archives/airbag/stupid.php /stupid
/archives/airbag/styrofoam.php /styrofoam
/archives/airbag/suck.php /suck
/archives/airbag/sucka.php /sucka
/archives/airbag/sugar_jets.php /sugar-jets
/archives/airbag/sukuhi.php /sukuhi
/archives/airbag/summoning.php /summoning
/archives/airbag/superbad.php /superbad
/archives/airbag/superbore_sunda.php /superbore-sunday
/archives/airbag/surrender_monke.php /surrender-monkeys
/archives/airbag/survivor.php /survivor
/archives/airbag/swatch.php /swatch
/archives/airbag/swedish.php /swedish
/archives/airbag/sxsw.php /sxsw
/archives/airbag/talons.php /talons
/archives/airbag/taper.php /taper
/archives/airbag/teen_spirit.php /teen-spirit
/archives/airbag/temp_slug_107.php /temp-slug-107
/archives/airbag/temp_slug_15.php /temp-slug-15
/archives/airbag/temp_slug_220.php /temp-slug-220
/archives/airbag/temp_slug_271.php /temp-slug-271
/archives/airbag/temp_slug_28.php /temp-slug-28
/archives/airbag/temp_slug_406.php /temp-slug-406
/archives/airbag/temp_slug_4333.php /temp-slug-4333
/archives/airbag/temp_slug_4596.php /temp-slug-4596
/archives/airbag/temp_slug_480.php /temp-slug-480
/archives/airbag/temp_slug_4844.php /temp-slug-4844
/archives/airbag/temp_slug_495.php /temp-slug-495
/archives/airbag/temp_slug_498.php /temp-slug-498
/archives/airbag/temp_slug_519.php /temp-slug-519
/archives/airbag/temp_slug_63.php /temp-slug-63
/archives/airbag/temp_slug_76.php /temp-slug-76
/archives/airbag/teraton.php /teraton
/archives/airbag/texas_hold_em.php /texas-hold-em
/archives/airbag/textism.php /textism
/archives/airbag/thai_dishes.php /thai-dishes
/archives/airbag/thanksgiving_2.php /thanksgiving-2
/archives/airbag/thanksgiving_3.php /thanksgiving-3
/archives/airbag/thanksgiving.php /thanksgiving
/archives/airbag/the_georgian.php /the-georgian
/archives/airbag/the_kucinich_pr.php /the-kucinich-proposition
/archives/airbag/the_man.php /the-man
/archives/airbag/the_new_macbook.php /the-new-macbook-pro-the-one-without-the-touchbar-is-pretty-great
/archives/airbag/think_greed.php /think-greed
/archives/airbag/thirteenth.php /thirteenth
/archives/airbag/thirty_five.php /thirty-five
/archives/airbag/thirty_three.php /thirty-three
/archives/airbag/this_big.php /this-big
/archives/airbag/thread.php /thread
/archives/airbag/three_bean.php /three-bean
/archives/airbag/three_point_oh.php /three-point-oh
/archives/airbag/thumbs.php /thumbs
/archives/airbag/thwarting.php /thwarting
/archives/airbag/title.php /title
/archives/airbag/torino.php /torino
/archives/airbag/tps.php /tps
/archives/airbag/triple_lutz.php /triple-lutz
/archives/airbag/tsa.php /tsa
/archives/airbag/tubs.php /tubs
/archives/airbag/tubular.php /tubular
/archives/airbag/tuesday.php /tuesday
/archives/airbag/tweat.php /tweat
/archives/airbag/twenty_one_guns.php /twenty-one-guns
/archives/airbag/twin.php /twin
/archives/airbag/twinkle.php /twinkle
/archives/airbag/twitch.php /twitch
/archives/airbag/two_oh.php /two-oh
/archives/airbag/two.php /two
/archives/airbag/uh.php /uh
/archives/airbag/uncrate.php /uncrate
/archives/airbag/underoos.php /underoos
/archives/airbag/union_2.php /union-2
/archives/airbag/union.php /union
/archives/airbag/uno.php /uno
/archives/airbag/ups_delivers.php /ups-delivers
/archives/airbag/upton.php /upton
/archives/airbag/usa_0_ger_1.php /usa-0-ger-1
/archives/airbag/usa_2_mex_0.php /usa-2-mex-0
/archives/airbag/used_airbags.php /used-airbags
/archives/airbag/vaughn.php /vaughn
/archives/airbag/very_small_rock.php /very-small-rocks
/archives/airbag/video.php /video
/archives/airbag/vinick.php /vinick
/archives/airbag/viva.php /viva
/archives/airbag/vogel.php /vogel
/archives/airbag/volleyball.php /volleyball
/archives/airbag/waferthin.php /waferthin
/archives/airbag/warriors.php /warriors
/archives/airbag/waste.php /waste
/archives/airbag/watch.php /watch
/archives/airbag/watergate.php /watergate
/archives/airbag/we_the_people.php /we-the-people
/archives/airbag/we.php /we
/archives/airbag/weekend_instruc.php /weekend-instructions
/archives/airbag/welcome.php /welcome
/archives/airbag/what_else_we_go.php /what-else-we-got
/archives/airbag/what.php /what
/archives/airbag/wheres_the_beef.php /wheres-the-beef
/archives/airbag/whoa.php /whoa
/archives/airbag/wicked_fast.php /wicked-fast
/archives/airbag/win.php /win
/archives/airbag/wincing.php /wincing
/archives/airbag/windex.php /windex
/archives/airbag/wintermute.php /wintermute
/archives/airbag/woodchuck.php /woodchuck
/archives/airbag/wordpressed.php /wordpressed
/archives/airbag/worm.php /worm
/archives/airbag/wrong.php /wrong
/archives/airbag/wwdd.php /wwdd
/archives/airbag/wwgtdd.php /wwgtdd
/archives/airbag/x_files.php /x-files
/archives/airbag/yellow_is_the_n.php /yellow-is-the-new-normal
/archives/airbag/yes.php /yes
/archives/airbag/yo_ho.php /yo-ho
/archives/airbag/yo_yo.php /yo-yo
/archives/airbag/yugo.php /yugo
/archives/airbag/zippy.php /zippy
/archives/airbag/zoom.php /zoom
/archives/airbag/zug_zug.php /zug-zug
/archives/airbag/zzzz.php /zzzz